video_id,channel_id,title,published_date,views,likes,comments,engagement_rate
OBLQTYgCaDo,UCq-Fj5jknLsUf-MWSy4_brA,Maa Ka Darbaar (Audio): Sonu Nigam | Shabbir Ahmed | Maa Ka Bulawa Aaya Hai | T-Series,2025-12-15 11:28:12+00:00,120,24,15,0.325
HtwMp77a2Yk,UCq-Fj5jknLsUf-MWSy4_brA,Sawaari (Lyrical Video): Faridkot | IP Singh | Rajarshi Sanyal | Nayi Baat | New Hindi Song,2025-12-15 09:05:03+00:00,1194,60,36,0.0804
HpSR9RSohUg,UCq-Fj5jknLsUf-MWSy4_brA,Listen to this romatic song #HaiyeRe,2025-12-15 08:34:37+00:00,11764,161,5,0.0141
DSj58CoUNnE,UCq-Fj5jknLsUf-MWSy4_brA,"Single Papa: Ib Na Jaane (Song) | Kunal Kemmu | Manoj P,Ayesha R,Prajakta K | Aman P | Netflix India",2025-12-15 05:30:05+00:00,117162,997,78,0.0092
zSmBw5xIDjM,UCq-Fj5jknLsUf-MWSy4_brA,"Sahana Sahana Promo (Hindi) - The RajaSaab | Prabhas | Nidhhi Agerwal | Maruthi | Thaman S, Vishal M",2025-12-14 13:21:41+00:00,322064,19441,825,0.0629
ZAZiFUr6jio,UCq-Fj5jknLsUf-MWSy4_brA,Shartaan Energy Only😍💫 - Tulsi Kumar,2025-12-14 12:37:21+00:00,51007,448,23,0.0092
_5b-jdD2teU,UCq-Fj5jknLsUf-MWSy4_brA,"GG Ki Ghaintness (Lyrical) | Single Papa | Kunal Kemmu, Manoj P, Ayesha R, Prajakta K | Aman Pant",2025-12-14 11:32:20+00:00,9255,182,29,0.0228
172lJBf13og,UCq-Fj5jknLsUf-MWSy4_brA,"Aakhri Salaam (Lyrics) – De De Pyaar De 2 | Ajay Devgn, Rakul Preet Singh | Armaan M, Sagar B",2025-12-14 08:03:32+00:00,60314,1576,155,0.0287
6rGqi_wdSU4,UCq-Fj5jknLsUf-MWSy4_brA,"O Khuda 8K Full Video Song | Amaal Mallik | Palak Muchchal | Hero | Sooraj Pancholi, Athiya Shetty",2025-12-14 05:44:20+00:00,40743,1239,425,0.0408
eLbDMz9q81g,UCq-Fj5jknLsUf-MWSy4_brA,"Tum Se Hi 8K Full Song | Jab We Met | Kareena Kapoor Khan, Shahid Kapoor | Mohit Chauhan | Pritam",2025-12-14 05:44:02+00:00,111525,769,33,0.0072
HATrmfPFnSU,UCq-Fj5jknLsUf-MWSy4_brA,Kaafir (Audio): YXTO | Izhaar | Raib Ansari M | New Hindi Songs | T-Series,2025-12-13 13:30:39+00:00,13293,266,33,0.0225
as9HAcU-blo,UCq-Fj5jknLsUf-MWSy4_brA,Chahatein (Audio): YXTO | Izhaar | Raib Ansari M | New Hindi Songs | T-Series,2025-12-13 13:30:27+00:00,5030,104,20,0.0247
evYKS3wg-z8,UCq-Fj5jknLsUf-MWSy4_brA,"Gallan 8K Full Song: Shahid Kapoor, Kriti,Talwiinder,MC SQUARE,NDS |Teri Baaton Mein Aisa Uljha Jiya",2025-12-13 11:48:03+00:00,197985,5087,257,0.027
L4GtP0jPlYA,UCq-Fj5jknLsUf-MWSy4_brA,SHARTAAN (Lyrical Video): Tulsi Kumar | Abhijeet Srivastava | Shayra | Ranju Varghese| Bhushan Kumar,2025-12-13 09:51:08+00:00,8803,161,33,0.022
93-gE1aBW9c,UCq-Fj5jknLsUf-MWSy4_brA,CHILLGUM (Lyrical Video): YO YO HONEY SINGH | MALAIKA ARORA | 51 GLORIOUS DAYS | BHUSHAN KUMAR,2025-12-13 05:30:09+00:00,367677,10042,551,0.0288
sU-zl_9u_4s,UCq-Fj5jknLsUf-MWSy4_brA,Pareshan (Audio): YXTO | Izhaar | New Hindi Song | T-Series,2025-12-12 15:01:41+00:00,6871,149,16,0.024
17J45EVVleM,UCq-Fj5jknLsUf-MWSy4_brA,Bekhudi (Audio): YXTO | Trivekza | Raib Ansari M | Izhaar | New Hindi Songs | T-Series,2025-12-12 15:01:50+00:00,10712,257,35,0.0273
OFzO-M0Dz-8,UCq-Fj5jknLsUf-MWSy4_brA,Appa Song (Hindi) | Vrusshabha | Mohanlal | Nanda Kishore | Sam CS | 25th December 2025,2025-12-12 12:29:07+00:00,62926,2123,106,0.0354
HQUk2KjcQ6M,UCq-Fj5jknLsUf-MWSy4_brA,EK MULAQAAT (Lyrical Video): Stebin Ben | Nidhi Shah | The Rish | Bhushan Kumar,2025-12-12 10:40:58+00:00,34928,887,73,0.0275
swd1ZN0jNl0,UCq-Fj5jknLsUf-MWSy4_brA,Juda Hue Ho: Akhil Sachdeva | Nickita Arora | Bhushan Kumar,2025-12-12 09:57:36+00:00,106759,643,25,0.0063
G6EqwyLOQC4,UCq-Fj5jknLsUf-MWSy4_brA,Nachdi (Video Song): Diljit Dosanjh | Miss Pooja | Sachin Ahuja | Ishq Ho Gaya | Latest Punjabi Song,2025-12-12 09:00:05+00:00,9374,174,44,0.0233
pJg9nxzHJLs,UCq-Fj5jknLsUf-MWSy4_brA,"MANAN BHARDWAJ - ""SAJNI""😍 | AARZU THAKUR | #YTShortsIndia",2025-12-12 07:40:17+00:00,99609,567,10,0.0058
-lR0wvxfAdk,UCq-Fj5jknLsUf-MWSy4_brA,Juda Hue Ho (Music Video): Akhil Sachdeva | Nickita Arora | Bhushan Kumar,2025-12-12 05:30:01+00:00,2169082,34663,1133,0.0165
sjzQbeT9r1I,UCq-Fj5jknLsUf-MWSy4_brA,Shartaan Vibe😍💫 — Shreya Kalra | Tulsi Kumar #YTShortsIndia,2025-12-11 15:01:49+00:00,155981,1777,32,0.0116
Qhwafoo7Pnc,UCq-Fj5jknLsUf-MWSy4_brA,"Aawaara Angaara (Full Video): Tere Ishk Mein | Dhanush, Kriti | AR Rahman,Faheem|Aanand LR|Bhushan K",2025-12-11 13:00:07+00:00,3708746,52975,2219,0.0149
b7boZIF9WHY,UCq-Fj5jknLsUf-MWSy4_brA,PARESHAN (Lyrical Visualizer): YXTO | Izhaar | New Hindi Song | T-Series,2025-12-11 11:31:08+00:00,1049182,10703,1085,0.0112
IGti1RTS1wc,UCq-Fj5jknLsUf-MWSy4_brA,"Deewaana Deewaana (Full Video): Tere Ishk Mein | Dhanush, Kriti | AR Rahman | Aanand LR | Bhushan K",2025-12-11 10:00:07+00:00,376656,6100,251,0.0169
WH-SpploL0s,UCq-Fj5jknLsUf-MWSy4_brA,Single Papa (Audio Jukebox) Kunal Kemmu | Manoj P | Ayesha R | Prajakta K | Aman P | Netflix India,2025-12-11 09:14:55+00:00,7099,163,15,0.0251
R06GjskvjQk,UCq-Fj5jknLsUf-MWSy4_brA,Single Papa: Ghotala (Audio) | Kunal K | Manoj P | Ayesha R | Prajakta K | Aman Pant,2025-12-11 09:04:57+00:00,3442,55,22,0.0224
LFs-sX1Fr2w,UCq-Fj5jknLsUf-MWSy4_brA,Single Papa: Tu Hi Saahiba (Audio) | Kunal Kemmu | Manoj P | Ayesha R | Prajakta K | Aman Pant,2025-12-11 09:02:33+00:00,10427,225,22,0.0237
0lwy5nmbNJU,UCq-Fj5jknLsUf-MWSy4_brA,Single Papa: Ajab Yeh Ishq (Reprise) (Audio) | Kunal Kemmu | Manoj P | Ayesha R | Prajakta K | Aman,2025-12-11 09:02:05+00:00,6707,185,20,0.0306
ITM2swr34Y0,UCq-Fj5jknLsUf-MWSy4_brA,Single Papa: Chura Loon Saare Taare (Audio) | Kunal Kemmu | Manoj P | Ayesha R | Prajakta K | Aman P,2025-12-11 08:57:00+00:00,4449,60,12,0.0162
ZC9jckz5df4,UCq-Fj5jknLsUf-MWSy4_brA,Single Papa: Ajab Yeh Ishq (Audio) | Kunal Kemmu | Manoj P | Ayesha R | Prajakta K | Aman Pant,2025-12-11 08:54:39+00:00,17678,566,32,0.0338
-_SHQQEPLUg,UCq-Fj5jknLsUf-MWSy4_brA,Single Papa: Ib Na Jaane (Audio) | Kunal Kemmu | Manoj Pahwa | Ayesha Raza | Prajakta Koli,2025-12-11 08:52:38+00:00,4102,89,13,0.0249
LWi7_mrLsg4,UCq-Fj5jknLsUf-MWSy4_brA,"Single Papa Title Track (Audio) | Kunal Kemmu | Manoj P | Ayesha R | Prajakta K | Raghav M, Khwaab",2025-12-11 08:50:29+00:00,2311,54,5,0.0255
3bTVNFD08yo,UCq-Fj5jknLsUf-MWSy4_brA,Single Papa: GG Ki Ghaintness (Audio) | Kunal Kemmu | Manoj P | Ayesha R | Prajakta K | Aman Pant,2025-12-11 08:48:12+00:00,5060,93,17,0.0217
mJAtkn3g6jE,UCq-Fj5jknLsUf-MWSy4_brA,"MANAN BHARDWAJ - ""SAJNI"" - MV | AARZU THAKUR | BHUSHAN KUMAR",2025-12-11 05:30:05+00:00,2982855,54631,3316,0.0194
DY1DdeW3VyI,UCq-Fj5jknLsUf-MWSy4_brA,"Tere Ishk Mein (Full Video) | Dhanush, Kriti S | AR Rahman, Arijit S, Irshad | Aanand LR | Bhushan K",2025-12-10 15:59:08+00:00,1030262,13360,382,0.0133
-s0XdFxtPJ0,UCq-Fj5jknLsUf-MWSy4_brA,Teri Yaad Mein (Video Song) | Agam Kumar Nigam | Nikhil-Vinay | Bewafai,2025-12-10 15:25:37+00:00,36039,444,56,0.0139
2pWyTXONC6s,UCq-Fj5jknLsUf-MWSy4_brA,"Tu Pehli Tu Aakhri (Full Video) Aryan|Shashwat,Arijit,Kumaar|Lakshya,Sahher|The Ba***ds Of Bollywood",2025-12-10 12:31:37+00:00,41611,1385,104,0.0358
Xs4MhaXjT6E,UCq-Fj5jknLsUf-MWSy4_brA,"Badli Si Hawa Hai (Full Video) Aryan |Anirudh,Arijit,Amira|Lakshya,Sahher | The Ba***ds Of Bollywood",2025-12-10 12:31:31+00:00,93896,2536,145,0.0286
r3y47PXH4EY,UCq-Fj5jknLsUf-MWSy4_brA,"GG Ki Ghaintness😎🔥 | Kunal Kemmu, Manoj P, Ayesha R, Prajakta K | Aman P | Single Papa",2025-12-10 10:57:36+00:00,93642,636,16,0.007
rjSr5xtNYqA,UCq-Fj5jknLsUf-MWSy4_brA,The Girlfriend: Gaa De Zara (Full Video) | Rashmika Mandanna | Dheekshithh Shetty | Hesham,2025-12-10 09:00:14+00:00,49766,715,61,0.0156
-2g_sua3s04,UCq-Fj5jknLsUf-MWSy4_brA,The Girlfriend: Bheege Mann (Full Video) | Rashmika Mandanna | Dheekshith Shetty | Hesham | Garima,2025-12-10 09:00:23+00:00,9803,162,25,0.0191
zX44F_-2LgM,UCq-Fj5jknLsUf-MWSy4_brA,The Girlfriend: Dariya (Full Video) | Rashmika Mandanna | Dheekshith Shetty | Hesham | Garima Obrah,2025-12-10 09:00:03+00:00,73727,1393,128,0.0206
CyW5mPIUO7w,UCq-Fj5jknLsUf-MWSy4_brA,The Girlfriend: Chuu Le (Full Video) | Rashmika Mandanna | Dheekshith Shetty | Hesham | Garima Obrah,2025-12-10 09:00:28+00:00,35695,471,46,0.0145
YDX7GxFb0lM,UCq-Fj5jknLsUf-MWSy4_brA,Rahat Hai Tu💘💫: Adnan Sami | Tanishk Bagchi | Shaan Yadav | Bhushan Kumar | #YTShortsIndia,2025-12-10 07:35:47+00:00,238050,1528,18,0.0065
RpEADKQCavA,UCq-Fj5jknLsUf-MWSy4_brA,"RAHAT (Official Music Video): Adnan Sami | Tanishk Bagchi | Shaan Y | Mihir, Kanikka | Bhushan Kumar",2025-12-10 05:30:05+00:00,2172741,25361,1180,0.0122
t2xheYrZPCc,UCq-Fj5jknLsUf-MWSy4_brA,"Vinny Ki Kitaab (Official Trailer) | Aalisha P, Abhishek K, Ssanjay G, Mansi Jain, Afreen Alvi",2025-12-10 03:30:46+00:00,39715,202,15,0.0055
PiL9DWAUzvo,UCq-Fj5jknLsUf-MWSy4_brA,The Girlfriend: Hui Re (Full Video) | Rashmika Mandanna | Rahul R | Deekshith Shetty | Hesham,2025-12-09 16:30:15+00:00,73607,1385,75,0.0198
